<?xml version="1.0" encoding="UTF-8"?>
<!DOCTYPE hibernate-mapping PUBLIC "-//Hibernate/Hibernate Mapping DTD 3.0//EN" "http://www.hibernate.org/dtd/hibernate-mapping-3.0.dtd">
<hibernate-mapping>
    <class name="com.onlinetutorialspoint.hibernate.model.Payment" table="payment">
        <id name="paymentId" column="payid"/>
        <property name="amount"/>
        <property name="paymentDate" column="paydate" type="date"/>
        <joined-subclass name="com.onlinetutorialspoint.hibernate.model.Card" table="card_table">
            <key column="payid"/>
            <property name="cardNumber" column="cardnumber"/>
            <property name="cardType" column="cardtype"/>
        </joined-subclass>
        <joined-subclass name="com.onlinetutorialspoint.hibernate.model.Cheque" table="cheque_table">
            <key column="payid"/>
            <property name="chequeNumber" column="chqnumber"/>
            <property name="chequeType" column="chqtype"/>
        </joined-subclass>
    </class>
</hibernate-mapping>

[/xml]