<?xml version = "1.0" encoding = "utf-8"?>
<!DOCTYPE hibernate-mapping PUBLIC "-//Hibernate/Hibernate Mapping DTD//EN"
"http://www.hibernate.org/dtd/hibernate-mapping-3.0.dtd">

<hibernate-mapping>
   <class name = "Address" table = "ADDRESS">

     <id name = "addressId" type = "string">
       <column name = "ADDRESS_ID">
     </id>

     <property name = "streetName" type = "string">
       <column name = "STREET_NAME">
     </property>

     <property name = "city" type = "string">
       <column name = "CITY">
     </property>

     <property name = "pinCode" type = "string">
       <column name = "PIN_CODE">
     </property>

     <many-to-one name="employee" class="Employee" not-null="true">
       <column name="ADDRESS_ID"/>
     </many-to-one>

   </class>
</hibernate-mapping>