<?xml version = "1.0" encoding = "utf-8"?>
<!DOCTYPE hibernate-mapping PUBLIC "-//Hibernate/Hibernate Mapping DTD//EN"
"http://www.hibernate.org/dtd/hibernate-mapping-3.0.dtd">

<hibernate-mapping>
   <class name = "Employee" table = "EMPLOYEE">

     <id name = "id" type = "string">
       <column name = "ID">
     </id>
     <property name = "name" type = "string">
       <column name = "NAME">
     </property>

     <list name = "addressList">
       <key column = "ADDRESS_ID"/>
       <list-index column="COUNTER">
       <one-to-many class="Address"/>
     </list>

   </class>
</hibernate-mapping>